{
  "num_epochs": 6,
  "best_by_entity_f1": {
    "epoch": 6.0,
    "val_entity_f1": 0.8402928953097171,
    "val_entity_precision": 0.828003120124805,
    "val_entity_recall": 0.8529529931699478,
    "val_intent_macro_f1": 0.9994304009889523,
    "val_command_macro_f1": 0.9994304009889523
  },
  "best_by_weighted_score": {
    "epoch": 6.0,
    "score": 0.9676028998531052,
    "val_intent_macro_f1": 0.9994304009889523,
    "val_entity_f1": 0.8402928953097171,
    "val_command_macro_f1": 0.9994304009889523
  }
}